Industry,Postings
Biotech & Pharmaceuticals,66
IT Services,57
Computer Hardware & Software,55
Aerospace & Defense,45
Enterprise Software & Network Solutions,39
Consulting,38
Staffing & Outsourcing,35
Insurance Carriers,28
Advertising & Marketing,23
Internet,23
Health Care Services & Hospitals,21
Research & Development,17
Federal Agencies,16
Investment Banking & Asset Management,12
Lending,8
Banks & Credit Unions,6
Energy,5
Telecommunications Services,5
Consumer Products Manufacturing,5
Insurance Agencies & Brokerages,4
Architectural & Engineering Services,3
Video Games,3
Industrial Manufacturing,3
Other Retail Stores,3
Wholesale,3
Electrical & Electronic Manufacturing,3
Utilities,3
Accounting,3
Real Estate,3
Colleges & Universities,3
Miscellaneous Manufacturing,3
Chemical Manufacturing,3
Travel Agencies,2
Financial Transaction Processing,2
"Health, Beauty, & Fitness",2
Express Delivery Services,2
Food & Beverage Manufacturing,2
Oil & Gas Services,2
Venture Capital & Private Equity,2
Timber Operations,2
Consumer Electronics & Appliances Stores,2
Construction,2
State & Regional Agencies,1
Rail,1
"Hotels, Motels, & Resorts",1
Social Assistance,1
Telecommunications Manufacturing,1
News Outlet,1
Publishing,1
Transportation Equipment Manufacturing,1
Food & Beverage Stores,1
Transportation Management,1
Shipping,1
Farm Support Services,1
Logistics & Supply Chain,1
"Cable, Internet & Telephone Providers",1
"Department, Clothing, & Shoe Stores",1
