Location,Postings
"New York, NY",46
"San Francisco, CA",45
"Boston, MA",24
"Washington, DC",22
"Herndon, VA",21
"Chicago, IL",21
"Cambridge, MA",16
"McLean, VA",11
"Chantilly, VA",9
"Saint Louis, MO",8
"Atlanta, GA",7
"San Diego, CA",7
"Reston, VA",7
"Gaithersburg, MD",7
"Santa Clara, CA",7
"Redwood City, CA",7
"Annapolis Junction, MD",5
"Denver, CO",5
"Baltimore, MD",5
"Falls Church, VA",5
"Seattle, WA",5
"Fort Belvoir, VA",4
"Alexandria, VA",4
"Plano, TX",4
"San Jose, CA",4
"Thousand Oaks, CA",4
"Palo Alto, CA",4
"Bethesda, MD",4
"Raleigh, NC",4
"Bellevue, WA",4
"Oklahoma City, OK",4
"South San Francisco, CA",4
"Cincinnati, OH",4
"Maple Plain, MN",3
"Sunnyvale, CA",3
"Fort Worth, TX",3
"Winter Park, FL",3
"Pittsburgh, PA",3
"Richland, WA",3
"Austin, TX",3
"Orlando, FL",3
"Nashville, TN",3
"Merrifield, VA",3
"Woburn, MA",3
"Cupertino, CA",3
"Newton, MA",3
"Carson, CA",3
"Bedford, MA",3
"Santa Barbara, CA",3
"Memphis, TN",3
"Cedar Rapids, IA",3
"Arlington, VA",3
"Laurel, MD",3
"Hartford, CT",3
"Northbrook, IL",2
"Dayton, OH",2
"Durham, NC",2
"Lexington Park, MD",2
"Irvine, CA",2
"Oak Ridge, TN",2
"Hampton, VA",2
"Columbia, MD",2
"San Clemente, CA",2
"Kent, OH",2
"Scotts Valley, CA",2
"Phoenix, AZ",2
"Waltham, MA",2
"Rockville, MD",2
"Emeryville, CA",2
"Lehi, UT",2
"Alpharetta, GA",2
"Chandler, AZ",2
"Livermore, CA",2
"Sheboygan, WI",2
"Indianapolis, IN",2
"Bothell, WA",2
"Concord, CA",2
"Santa Monica, CA",2
"San Carlos, CA",2
"Winston-Salem, NC",2
"Springfield, VA",2
"Lexington, MA",2
"Fairfax, VA",2
"The Woodlands, TX",2
"Oakland, CA",2
"Longmont, CO",2
"Philadelphia, PA",2
"Richmond, VA",2
"Ann Arbor, MI",2
"Vienna, VA",2
"Tulsa, OK",2
"Adelphi, MD",2
"Smithfield, RI",2
"Santa Cruz, CA",2
"Southfield, MI",2
"Huntsville, AL",2
"Kansas City, MO",2
"New Bedford, MA",1
"Woodbridge, NJ",1
"Oshkosh, WI",1
"Culver City, CA",1
"Timonium, MD",1
"Beavercreek, OH",1
"Madison, WI",1
"Omaha, NE",1
"Houston, TX",1
"Columbia, MO",1
"Blue Bell, PA",1
"Fort Meade, MD",1
"Aurora, CO",1
"Portland, OR",1
"Peoria, IL",1
"Monroe, WI",1
"Lebanon, IN",1
"San Mateo, CA",1
"Silver Spring, MD",1
"Melbourne, FL",1
"Norwell, MA",1
"Monterey, CA",1
"Lincoln, NE",1
"Wilmington, DE",1
"New Orleans, LA",1
"Patuxent, Anne Arundel, MD",1
"Carpinteria, CA",1
"Fort Wayne, IN",1
"Mountain View, CA",1
"Piscataway, NJ",1
"Cleveland, OH",1
"Sacramento, CA",1
"Norfolk, VA",1
"Jersey City, NJ",1
"Open Fork, VA",1
"Oxnard, CA",1
"Bridgeport, WV",1
"San Antonio, TX",1
"Burbank, CA",1
"Pleasanton, CA",1
"Minneapolis, MN",1
"San Ramon, CA",1
"Dearborn, MI",1
"Ipswich, MA",1
"Boulder, CO",1
"Spartanburg, SC",1
"Woodlawn, MD",1
"Burlingame, CA",1
"Wellesley, MA",1
"Appleton, WI",1
"Portsmouth, NH",1
"Foster City, CA",1
"Harrisburg, PA",1
"Vicksburg, MS",1
"Winters, TX",1
"Hill AFB, UT",1
"Hoboken, NJ",1
"Oakville, CA",1
"Hamilton, NJ",1
"Akron, OH",1
"Schaumburg, IL",1
"Overland Park, KS",1
"Carmel, IN",1
"Rancho Cucamonga, CA",1
"Edison, NJ",1
"Simi Valley, CA",1
"Coral Gables, FL",1
"Columbia, SC",1
"Dallas, TX",1
"Lake Oswego, OR",1
"Lombard, IL",1
"Linthicum Heights, MD",1
"Yakima, WA",1
"Holyoke, MA",1
"Menlo Park, CA",1
"Germantown, MD",1
"Fremont, CA",1
"Charlotte, NC",1
"Fort Lee, NJ",1
"West Chester, PA",1
"Champaign, IL",1
"Brisbane, CA",1
"Manchester, NH",1
"Danvers, MA",1
"West Grove, PA",1
"Naperville, IL",1
"Collegeville, PA",1
"Orange, CA",1
"Trumbull, CT",1
"Colorado Springs, CO",1
"Frederick, MD",1
"Maryland Heights, MO",1
